method,mean_time_ms,median_time_ms,std_time_ms,p95_time_ms,total_genes
CHORD,368.90318724944603,9.744902141392231,1015.3783201615915,3229.674742463976,136982
Lomb_Scargle,2.2220935397058645,2.019179053604603,0.3228794566092529,2.8405594639480114,136982
Cosinor,0.16287136175278727,0.16003474593162537,0.008181802295405287,0.18157525919377804,136982
Harmonic_Regression,0.5712933023305535,0.5659474991261959,0.023625162484158177,0.6396178621798754,136982
JTK_CYCLE,52.21337129563541,51.0026840493083,5.33736780571093,61.52813024818897,136982
RAIN,8.659471707092406,8.382040541619062,1.5279814378975969,11.833458114415407,136982
Pencil,0.20221896675109238,0.19412022083997726,0.031176620953859698,0.2649183850735426,136982
