method,tier,sensitivity,specificity,precision,f1,roc_auc
CHORD,Tier-1 (detection),0.925,0.9666666666666667,0.9910714285714286,0.956896551724138,0.4787388888888889
CHORD,Tier-2 (disentangle),0.8857142857142857,1.0,1.0,0.9393939393939393,0.9925485714285716
